actual_ms,predicted_ms
0.6658,14.0184
0.6418,4.0717
0.6682,4.0718
0.6525,4.0845
0.6903,4.0845
0.6171,4.0845
0.609,4.0847
0.6697,4.0847
0.7383,4.0845
0.6696,4.0843
0.7528,4.0845
0.6957,4.0843
0.6106,4.0845
0.6005,4.0847
0.6644,4.0848
0.7575,4.0845
0.8232,4.0843
0.81,4.0841
0.6804,4.0841
0.6853,4.0845
0.7195,4.0844
0.613,4.0844
0.6088,4.0847
0.661,4.0847
0.7636,4.0845
0.7442,4.0842
0.7229,4.0843
0.8772,4.0843
0.7506,4.0839
1.1302,13.2367
1.0821,4.1147
1.0599,4.1153
1.1628,4.1154
1.0833,4.1144
1.1446,4.1209
1.0623,4.1202
1.0896,4.1211
1.0586,4.1208
1.1665,4.1207
1.1988,4.1196
1.1766,4.1195
1.06,4.1198
1.048,4.1207
1.1355,4.1208
1.0945,4.1199
1.1304,4.1204
1.0993,4.1199
1.1489,4.1203
1.2904,4.1198
1.1439,4.1187
1.0866,4.1198
1.0936,4.1205
1.0534,4.1203
1.046,4.1207
1.0551,4.1208
1.0737,4.1207
1.1475,4.1206
1.1765,4.1197
2.5988,4.3345
2.2454,4.2566
2.1364,4.2597
2.1068,4.2612
2.2278,4.2616
2.0921,4.2596
2.1026,4.2609
2.1656,4.2607
2.1502,4.2596
2.164,4.2599
2.1734,4.2596
2.1066,4.2595
2.1111,4.2607
2.1177,4.2606
2.232,4.2605
2.1489,4.2583
2.1559,4.26
2.1894,4.2598
2.1725,4.2592
2.1139,4.2595
2.2072,4.2605
2.1404,4.2588
2.1575,4.2601
2.1503,4.2596
2.2455,4.2598
2.1155,4.2582
2.2128,4.2605
2.1761,4.2586
2.1926,4.2594
5.1892,10.5356
4.5835,4.7173
4.6456,4.7995
4.6597,4.7979
4.6169,4.7977
4.6146,4.7988
4.6243,4.8048
4.5125,4.8041
4.5189,4.8075
4.5906,4.8073
4.5361,4.8051
4.5635,4.8012
4.5385,4.8005
4.522,4.8011
4.5224,4.8016
4.5571,4.8092
4.5483,4.8083
4.5475,4.8086
4.514,4.8086
4.5349,4.8095
4.5811,4.809
4.5824,4.8076
4.5457,4.8075
4.5555,4.8067
4.5363,4.8065
4.5373,4.807
4.5046,4.807
4.5461,4.8079
4.5569,4.8067
9.5834,10.8531
9.6076,6.7512
9.6035,6.7502
9.5628,6.7503
9.4978,6.7517
9.493,6.8897
9.4982,6.8904
9.4834,6.8903
9.4431,6.891
9.4693,6.8921
9.4996,6.8917
9.4436,6.8906
9.4861,6.8921
9.5397,6.891
9.4387,6.8894
9.4768,6.8922
9.4482,6.8891
9.461,6.8898
9.4415,6.8896
9.4501,6.8902
9.4384,6.8918
9.5114,6.8925
9.4216,6.89
9.4239,6.8931
9.4793,6.8854
9.4173,6.8837
9.4387,6.8857
9.5268,6.8849
9.4495,6.8901
19.228,17.1177
18.9737,13.8213
18.8064,13.828
18.6745,13.8346
18.5964,13.8386
18.5295,14.1464
18.475,14.1484
18.4571,14.1495
18.4973,14.3418
18.4932,14.342
18.4886,14.3439
18.4533,14.4695
18.5,14.47
18.5075,14.4718
18.5311,14.3432
18.4848,14.3431
18.5343,14.3391
18.486,14.3373
18.5225,14.3411
18.4706,14.3378
18.475,14.3401
18.4692,14.4185
18.5027,14.4188
18.5574,14.4198
18.5421,14.4036
18.5064,14.4002
18.4865,14.4051
18.4745,14.3425
18.4726,14.3428
39.323,26.4728
39.1229,36.7594
39.008,36.7725
39.0378,36.7503
38.8676,37.773
38.8473,37.7631
38.7715,37.958
38.6979,37.9229
39.1786,37.883
38.7946,37.4912
38.8205,37.4805
38.7565,38.3022
38.7036,38.3006
38.8054,38.2867
38.8692,37.4729
38.6977,37.4946
38.8344,38.2753
38.7017,38.3099
38.6297,37.4732
38.5626,37.4536
38.695,37.4393
38.7995,38.0968
38.6917,38.1074
38.9584,37.6475
38.9081,37.7417
38.6901,37.6489
38.7998,38.0074
38.665,38.0764
38.6816,37.6689
75.6152,83.3699
74.523,78.317
74.2871,77.7452
71.3001,74.9895
71.5895,72.8918
71.3453,73.3738
71.1877,73.0167
71.2139,72.8355
71.3436,73.1388
71.1981,73.4108
71.1616,72.4988
71.6904,72.3937
71.2343,72.7921
71.1325,72.3695
71.238,72.7743
71.1266,73.3224
71.1541,73.0008
71.4091,72.6739
71.2272,72.917
71.2014,72.3195
71.2625,72.3039
71.162,72.8298
71.1842,73.1413
71.3548,73.1302
71.2203,72.9415
71.1385,72.8648
71.3371,72.1966
71.2065,72.9752
71.1919,72.9351
1.5202,3.5618
2.6781,2.665
2.6035,2.3512
2.4691,2.3703
2.6778,2.3927
2.6184,2.3502
2.2983,2.5586
1.8524,2.6453
0.7379,2.3447
1.7998,2.6582
2.6451,2.7757
2.3773,2.5679
2.5519,2.6407
2.593,2.5683
2.5803,2.5616
2.5772,2.5642
1.8985,2.5723
0.8448,2.3796
1.1199,2.6328
1.3648,2.5385
2.4797,2.9055
2.7522,2.589
1.8501,2.5328
1.9782,2.363
2.626,2.7424
2.5598,2.5653
1.8563,2.5778
1.2283,2.354
2.3143,2.9431
1.347,6.7186
2.2855,2.98
2.817,2.9986
2.8017,3.0352
2.8795,3.0575
2.2337,3.0421
1.211,2.9381
1.2259,3.222
2.6828,3.2157
2.6987,3.0785
2.709,3.0925
2.7249,3.0827
2.7549,3.0823
2.2825,3.0746
1.579,2.9274
2.3127,3.1643
2.2615,3.204
1.3415,2.9279
1.2658,3.1675
2.0661,3.2451
3.0879,3.2681
2.7782,2.9848
2.7274,3.0791
2.6954,3.0723
3.4158,3.1034
2.5579,2.8994
2.2449,3.1292
1.2238,2.9274
1.2559,3.2153
3.5837,8.7018
2.3887,3.8036
2.5459,4.0926
2.6953,4.284
2.4135,4.279
2.3417,4.3335
3.0733,4.3494
3.0823,4.1388
2.7091,4.1533
2.9328,4.2431
2.5675,4.158
2.6301,4.251
2.7377,4.2425
2.6792,4.2442
3.2226,4.2583
3.0645,4.1004
2.7365,4.1241
3.0649,4.2508
2.8921,4.1128
2.8807,4.1692
2.7333,4.2036
2.6611,4.2324
2.7113,4.2276
3.1656,4.2091
3.0303,4.1281
3.5807,4.1302
3.0558,3.9896
2.192,4.1209
2.5192,4.3584
6.8908,9.7758
6.32,6.9592
6.8379,7.1354
6.4273,7.6119
7.4051,7.7429
6.9536,6.8557
6.2384,7.7078
6.8646,7.168
7.6549,7.6165
7.6139,7.5317
6.6324,7.372
6.2299,7.6978
6.2371,7.7893
6.0853,7.8412
6.1101,7.8339
6.1176,7.8204
5.686,7.8189
6.1948,7.3577
6.676,7.1625
6.2064,7.0396
6.7152,7.1721
6.3816,7.6528
5.6315,7.7299
6.74,7.3233
6.6136,7.6829
6.4403,7.7492
7.0403,7.0864
6.9336,6.9113
6.8154,7.0553
12.6315,15.2847
12.2536,12.2834
12.1938,12.3523
12.1985,12.4222
12.3159,12.3455
12.1492,12.3192
12.3826,12.3653
12.2785,12.3151
12.2487,12.3519
12.3509,12.3431
12.3752,12.3246
12.0913,12.2998
12.164,12.3628
12.1557,12.3662
12.0782,12.4403
12.1095,12.3741
12.7257,12.361
12.0839,12.25
12.265,12.3839
12.2868,12.4599
12.1263,12.3345
12.1367,12.3631
12.1404,12.3534
12.3243,12.3694
12.1384,12.3391
12.189,12.3559
12.1957,12.428
12.2278,12.35
12.1572,12.347
27.0487,33.709
26.8666,24.7538
26.8229,25.0364
26.7009,25.225
26.2973,25.0943
26.6298,24.8955
26.4627,25.2146
26.3251,25.1099
26.3195,24.957
26.2998,25.027
26.9036,24.9401
26.3485,24.7409
26.3182,24.9475
26.3228,24.8828
26.2616,24.9017
26.3381,24.8775
26.2574,24.9955
26.2839,24.8891
26.3436,24.877
26.9632,24.9114
26.3932,24.8404
27.1764,24.9504
26.3331,24.6356
27.0766,24.913
26.2804,24.6534
27.1302,24.9204
28.4609,25.7613
27.9499,24.3227
27.3835,24.3999
52.9464,43.0569
52.386,50.0283
51.5661,50.7442
51.6287,50.2775
51.606,50.2271
52.1219,50.2097
51.6227,50.2095
51.6539,50.2512
51.8638,50.2368
51.5726,50.3696
52.3053,50.2433
51.5832,50.1321
51.5458,50.2101
51.5881,50.2298
51.6179,50.2486
51.7099,50.2857
51.5455,50.2264
51.676,50.2194
51.6365,50.1966
51.6397,50.2021
51.5569,50.2259
51.5823,50.2356
51.7405,50.2371
51.7573,50.4322
52.4828,50.2815
51.9951,50.1555
51.5572,50.1537
51.7091,50.2378
52.5149,50.2782
105.6627,81.8494
105.9267,99.7474
105.6684,99.7614
106.5179,99.7156
104.3945,100.1066
106.9463,99.4762
104.3719,100.7088
104.7597,98.882
105.9059,99.5677
105.6096,99.7976
106.0108,99.6601
105.6914,99.9947
104.8248,99.7391
104.6856,99.5912
105.7221,99.8158
106.7225,99.7449
106.381,99.8791
104.9794,100.4207
106.6919,99.5874
105.7167,99.927
105.9374,99.7354
105.6935,99.7686
105.2403,99.7018
104.9711,99.0784
105.8865,99.5816
104.9784,99.7782
104.8325,99.0066
106.9273,99.5781
105.3899,100.2446
2.156,0.6553
3.0032,2.6816
2.2736,2.6275
1.4006,3.3777
0.7734,3.4362
2.0641,2.8603
1.1107,2.5324
2.6983,2.7959
1.5519,2.3402
2.9607,2.9703
2.2045,2.5523
1.5729,3.4069
0.9441,2.6202
0.7679,3.0674
2.6964,2.8563
1.9334,2.3266
1.5976,3.4796
1.3827,2.6134
1.3878,2.6721
1.0604,2.6702
0.7509,2.7958
0.9424,2.8642
2.7416,2.8463
1.2043,2.3584
3.3988,2.7352
1.0585,2.1492
2.0142,2.7677
1.4522,2.5021
1.3195,2.6545
1.6228,5.6057
6.1274,3.6719
1.9701,2.1877
3.3075,3.2201
1.4947,2.8661
3.2779,3.3539
2.5011,2.8733
1.23,3.0971
1.2438,3.438
2.653,3.4438
4.7333,3.386
1.2401,2.5709
4.6469,3.4478
4.0653,2.543
3.4484,2.7663
3.1071,2.9006
3.4332,2.9287
3.4235,2.8402
3.4766,2.8384
3.4137,2.8382
2.7773,2.8501
1.3678,5.0101
4.8838,3.4932
3.9729,2.5303
1.7597,2.7045
3.2827,3.2953
3.3799,2.8897
3.2951,2.8675
2.3451,2.9803
3.314,6.5414
8.2384,5.0273
3.9809,3.0798
3.937,4.1066
4.037,4.1241
3.8544,4.0853
6.9932,6.2951
3.9597,3.4311
3.6719,4.135
3.5697,4.2082
4.2441,4.2373
2.7288,4.0522
6.8476,5.0888
3.7861,3.4071
2.7924,4.1724
3.2144,4.5656
3.6635,4.3328
3.5461,4.2079
3.6617,4.2399
4.0075,4.2104
2.6064,4.1054
7.581,5.0147
3.842,3.226
3.8736,4.1512
2.6276,4.1331
3.716,4.4815
3.8386,4.1892
3.827,4.1492
2.7353,4.1497
5.3129,1.6247
7.4943,6.7178
6.3322,7.3407
8.4675,6.4636
4.4141,5.8986
5.915,6.99
4.3382,6.5509
9.6947,7.0259
4.3667,5.5741
6.4236,6.9894
4.4064,6.3922
6.5226,7.0048
8.5746,8.2121
4.9768,5.8617
6.3454,6.803
10.303,8.248
7.051,5.4371
6.3087,7.4593
8.3545,6.4656
4.3269,5.9178
4.2989,7.0188
4.3002,7.0018
7.3546,7.008
6.3365,7.3748
6.1527,6.4502
6.3324,7.7363
5.908,6.4633
4.2937,6.5634
4.9916,7.0146
13.4416,15.3597
16.7073,11.3295
14.7245,13.0773
11.9003,10.7649
14.7299,14.7127
8.9942,10.7566
13.6614,12.4739
8.9101,11.0334
15.4839,12.389
14.4608,13.4576
11.9201,10.8345
14.7491,14.6814
11.8762,10.7866
14.7372,14.6885
8.8591,10.7493
15.4601,12.3956
16.983,13.46
14.6932,12.9912
11.9644,10.756
14.5216,14.6396
11.9899,10.8131
14.3983,14.6559
15.6678,10.85
8.8537,10.5504
15.6856,12.3878
14.5271,13.3772
11.9481,10.8006
14.8254,14.6694
11.6886,10.7915
25.5169,21.3881
27.5949,22.229
25.587,24.8801
20.9814,23.7046
19.0562,23.6664
20.0622,24.159
18.4108,23.8873
22.5843,24.3494
23.8255,24.507
23.7424,24.1483
22.9543,24.1719
23.1871,23.1958
19.1524,23.1236
22.1753,24.1769
23.5904,24.628
20.1907,24.2653
27.8891,23.8668
25.5258,24.8181
20.2097,23.692
19.7528,23.8488
20.6457,23.9969
20.7512,25.1616
20.4536,24.5146
29.4647,23.7885
27.106,24.3455
20.8919,25.0309
20.4976,23.7588
22.832,25.1079
22.4316,23.2127
50.1111,52.2149
43.5761,49.3842
47.4914,53.7683
50.2985,49.6366
42.8542,49.4582
49.302,53.9312
42.5976,49.4889
48.8794,53.9684
45.7397,52.5006
49.2838,53.1866
42.7169,49.6841
55.1533,50.14
42.6405,51.3397
53.7376,50.1096
43.9904,50.6228
53.6391,50.038
43.8044,50.6169
48.1495,49.9838
54.6576,52.647
43.9762,51.3986
55.1393,49.9766
45.3207,51.3372
45.2466,49.8919
45.4337,53.3372
55.1284,49.8381
44.5008,51.3641
55.2187,50.152
45.6573,51.3237
47.1708,53.2555
101.6549,89.6925
103.2851,101.0281
100.5374,98.429
105.9376,100.7092
103.254,101.4453
100.9357,98.4225
101.4464,100.9746
99.2489,97.9955
100.2864,97.4345
105.5774,100.655
102.7722,101.2456
100.3598,98.5008
101.4871,100.6656
99.4495,98.0493
102.8424,100.1654
98.033,98.5877
102.8015,98.129
100.4744,98.2873
105.6622,100.753
103.3201,101.2253
100.3527,98.4616
102.0215,100.6526
99.5252,98.115
102.5037,99.0443
99.6008,98.2309
101.4936,100.6006
99.064,98.0868
99.9893,97.3373
102.5877,100.2144
2.9664,2.6344
0.8002,2.2591
2.9542,2.9269
0.8625,2.2673
2.6318,2.9616
0.8074,2.3485
3.294,2.9327
0.8428,2.1807
2.9623,2.9409
0.835,2.2626
2.817,2.9555
0.8384,2.306
2.4771,2.9439
0.8482,2.3827
2.3553,2.9527
0.8611,2.4154
2.58,2.9749
0.8517,2.3944
2.6463,2.9339
0.8497,2.3429
1.8248,2.9486
1.7113,2.5572
0.9313,2.5919
2.5749,2.8014
0.9584,2.3603
2.5008,2.8252
0.9269,2.3804
0.7982,2.8177
2.4249,2.9241
2.9987,6.3112
1.3331,5.0553
3.5348,3.3899
3.204,4.8868
2.5356,2.8824
2.7511,4.7514
1.2225,3.0044
6.6755,3.4456
1.2968,2.0643
5.6199,3.4899
1.2588,2.2943
4.8305,3.4488
1.2342,2.5036
5.9504,3.4443
1.2994,2.2217
2.0395,3.4054
2.8959,3.1959
3.1195,2.963
2.2336,2.9103
3.071,3.1459
2.9416,2.9182
3.1934,2.9542
2.2217,2.8843
1.889,3.1525
3.0374,3.2365
3.3166,2.933
2.2917,4.9626
3.4432,3.1335
2.2885,4.8939
11.8707,4.496
2.3774,2.3777
11.011,4.6252
2.1893,2.5184
2.9271,4.6201
2.5312,4.3929
2.1721,4.4981
11.0294,4.6233
2.1416,2.5218
10.1089,4.6337
2.1683,2.6918
7.3757,4.6356
2.1438,3.2688
3.6188,4.6273
2.2792,4.1998
2.2106,4.5884
2.5881,4.5979
2.4673,4.492
2.9949,4.5261
3.3475,4.3723
2.7261,4.2726
5.9861,4.4614
3.2908,8.2614
2.5746,4.292
9.9767,5.0166
2.1924,2.7618
12.2675,4.6421
2.1551,2.2996
5.3503,4.6387
5.2121,6.3524
5.6966,7.2328
5.4144,7.0439
4.766,7.0478
5.6333,7.2193
12.2468,6.9584
15.7536,17.8668
4.6682,4.6328
7.2017,7.3045
5.436,6.5242
5.7479,7.0594
5.3606,6.9513
12.2937,7.063
16.4548,18.0286
4.6275,4.5926
8.5594,7.2954
5.206,6.1583
12.2823,7.0898
16.3151,18.0429
4.6398,4.5437
12.7843,7.3152
5.5899,5.1872
5.893,6.978
5.8692,6.8933
12.1437,6.8952
16.2751,17.7919
4.6014,4.5586
10.6964,7.302
5.4059,5.6518
20.542,9.2318
28.8431,25.1018
10.853,8.3311
14.8852,11.7505
28.1535,19.7033
10.5431,8.4092
20.5053,11.8231
28.6273,25.1492
10.3672,8.3579
15.48,11.9117
27.4705,20.8471
9.9288,8.4946
11.5273,12.0034
27.6181,15.3177
10.2111,8.4727
20.4874,11.9293
29.7031,25.1475
10.3795,8.2296
8.8776,11.8948
26.6056,12.3328
11.03,8.5911
19.248,11.8006
29.5772,24.1838
10.5444,8.2545
16.8341,11.8538
27.3612,22.8308
10.3734,8.5399
13.551,11.8831
28.0553,17.895
20.2788,15.7958
37.6009,27.1476
22.5243,20.8581
18.2967,23.7367
28.0217,24.9112
38.0566,35.0752
22.348,20.6909
18.2685,24.1215
25.6501,24.9324
22.2731,24.188
22.6244,23.7952
19.9302,23.7241
37.0918,27.1191
21.9361,20.8706
18.1288,23.8868
33.7598,24.8757
40.7663,35.0601
37.7368,23.9092
22.3385,20.757
18.3015,23.9047
25.5798,24.8883
21.2398,24.193
21.2634,24.0912
18.1783,24.1216
38.0933,24.9445
21.4733,21.5245
18.2484,24.1691
23.8726,25.0523
21.9689,24.7024
39.0502,35.5673
35.9801,50.8877
38.6858,51.4213
49.0322,50.9484
46.8283,49.6907
52.0819,49.949
50.2096,51.9629
52.3543,49.6049
50.1971,52.4295
46.9705,49.5913
52.8464,51.3543
52.6835,52.3464
51.547,52.3407
50.0915,51.1222
52.0708,49.7045
53.0887,52.1989
52.5814,52.5669
50.3975,52.3432
40.9772,49.5831
52.1485,50.6819
50.2761,52.2454
50.2888,49.621
49.9117,52.0088
51.469,49.6214
52.972,52.226
50.4158,52.3181
46.3965,49.7454
50.2559,50.161
52.6553,51.0898
87.7018,84.9075
100.9732,88.8861
95.0857,106.4932
87.8988,92.2942
89.9333,89.2314
84.5328,89.5974
89.2299,87.5594
90.1237,89.9127
81.7429,89.7907
87.2611,85.9003
90.0709,88.5204
80.7226,89.7099
88.8665,86.0932
89.9129,89.3047
85.4663,89.5352
87.8429,87.6532
89.9729,88.8038
87.8898,89.7195
87.7562,88.9275
89.9565,88.8219
84.9938,89.7154
87.2187,87.5144
90.0194,88.5452
80.5319,89.7121
88.7826,85.4548
90.0137,91.4852
81.7877,89.7565
87.3877,86.0104
89.944,88.5983
0.6827,10.6644
0.6115,4.0835
0.6415,4.0584
0.6389,4.0582
0.6297,4.0582
0.6507,4.0583
0.6279,4.0846
0.6322,4.0846
0.6516,4.0846
0.6315,4.0845
0.6126,4.0847
0.616,4.0847
0.6116,4.0847
0.6466,4.0847
0.6783,4.0845
0.6521,4.0845
0.6701,4.0845
0.6912,4.0845
0.6632,4.0844
0.6199,4.0845
0.6235,4.0847
0.6188,4.0847
0.6282,4.0847
0.6596,4.0846
0.6205,4.0846
0.6479,4.0847
0.6648,4.0845
0.6767,4.0845
0.6759,4.0845
1.2226,-7.126
1.0833,4.1041
1.0629,4.1206
1.0781,4.1208
1.1028,4.1207
1.0787,4.1205
1.0795,4.1203
1.1197,4.1203
1.1173,4.1198
1.1455,4.12
1.1333,4.1197
1.0946,4.1199
1.1258,4.1202
1.1207,4.1198
1.1066,4.12
1.0758,4.1201
1.0718,4.1203
1.1306,4.1204
1.1189,4.1198
1.13,4.12
1.0958,4.1198
1.111,4.1202
1.1192,4.1199
1.1182,4.12
1.0713,4.1199
1.0664,4.1204
1.0745,4.1204
1.0729,4.1204
1.0877,4.1204
2.5781,-16.61
2.2404,4.2541
2.0969,4.2587
2.1107,4.2608
2.0909,4.2606
2.1225,4.2637
2.1301,4.2632
2.1126,4.2631
2.1457,4.2634
2.1894,4.2628
2.1052,4.2593
2.1021,4.2607
2.1101,4.2608
2.1673,4.2606
2.1028,4.2595
2.1035,4.2607
2.1494,4.2607
2.1172,4.26
2.1426,4.2605
2.108,4.26
2.1154,4.2607
2.1087,4.2606
2.1197,4.2607
2.1869,4.2605
2.1439,4.2593
2.0989,4.2601
2.1107,4.2608
2.1012,4.2606
2.1126,4.2608
4.9562,9.9006
4.8324,4.7249
4.7193,4.7274
4.6395,4.8053
4.5798,4.8071
4.3898,4.8086
4.4049,4.8134
4.4614,4.8108
4.4686,4.8093
4.4841,4.8091
4.4782,4.8087
4.5264,4.8088
4.4028,4.8076
4.3973,4.8108
4.385,4.811
4.3809,4.8113
4.408,4.8114
4.404,4.8107
4.3758,4.8108
4.3794,4.8115
4.4169,4.8053
4.4458,4.8043
4.468,4.8035
4.4353,4.8029
4.3838,4.81
4.3869,4.8113
4.4053,4.8112
4.3976,4.8107
4.379,4.811
9.5755,11.1506
9.1822,6.5983
9.1866,6.6123
9.1661,6.7971
9.1078,6.7979
9.1189,6.8001
9.1244,6.7997
9.1053,6.8991
9.1088,6.8998
9.1001,6.9001
9.1242,6.9001
9.1278,6.8991
9.0859,6.8992
9.1438,6.9006
9.1102,6.899
9.1216,6.8997
9.1886,6.8994
9.1525,6.8964
9.1535,6.8977
9.1233,6.8982
9.1217,6.8993
9.1338,6.8991
9.1071,6.8863
9.1303,6.8868
9.1191,6.8863
9.2317,6.8869
9.1159,6.8946
9.1069,6.8992
9.1156,6.8996
21.4432,30.5361
20.8933,13.7451
20.8688,13.781
20.9214,14.3982
20.9019,14.3952
20.8878,14.3969
20.8565,14.3972
20.8953,14.3997
20.9576,14.3964
20.8897,14.398
20.9491,14.3978
20.9867,14.3928
20.9133,14.5081
20.8592,14.5065
20.9057,14.5108
20.9153,14.5076
20.9208,14.4334
20.9223,14.4323
20.8687,14.4326
20.9154,14.3986
20.8923,14.3954
20.9876,14.3977
20.8865,14.3561
20.9325,14.3591
20.8894,14.3567
21.214,14.3596
64.3382,14.3386
23.2247,15.6306
23.5846,14.1873
37.9774,36.1392
37.7199,36.2142
37.7485,36.197
37.5034,36.9162
37.4657,36.8987
37.4469,37.5315
37.4361,37.5219
37.4219,37.5333
37.3407,36.8651
37.1951,36.8337
37.2389,37.4879
37.2371,37.5212
37.2507,37.5166
37.2064,36.8788
37.4904,36.8605
37.3779,37.6149
37.307,37.4497
37.1899,37.4615
37.2132,36.8192
117.4478,37.7175
44.5037,27.639
44.2286,44.1979
44.5221,44.2251
44.7599,44.1777
45.0426,50.0919
36.2849,49.9238
115.4719,52.1816
44.4528,37.5144
44.5899,50.0706
75.7427,77.9632
75.501,77.9882
73.6521,77.8649
73.6559,74.3244
73.5213,74.8282
72.2012,74.6842
71.6289,73.809
71.5941,72.6807
71.5323,72.7683
71.7001,72.7263
71.6048,73.4617
71.6585,73.3205
72.1315,73.3977
115.4568,73.2712
89.1317,94.4238
87.9596,87.4964
89.4136,89.5076
71.9604,89.8435
123.2885,81.336
88.2333,100.8959
88.4235,89.1389
114.1508,89.2441
156.036,152.4051
88.8141,95.5555
89.1271,89.4286
123.7919,89.5657
157.3109,150.8585
89.639,95.0676
88.1131,90.3785
0.8808,2.8872
0.8025,0.1921
0.8034,0.216
0.8096,0.2181
0.8127,0.3334
0.8224,0.3339
0.8074,0.3316
0.8059,0.3345
0.809,0.3355
0.7723,0.2224
0.7806,0.2086
0.782,0.2088
0.7522,0.2069
0.8145,0.213
0.7695,0.2217
0.7991,0.2105
0.814,0.2133
0.8377,0.2218
0.8018,0.2173
0.8071,0.2239
0.7927,0.2219
0.7859,0.2079
0.839,0.209
0.7808,0.2175
0.7922,0.2085
0.801,0.2046
0.814,0.2084
0.8124,0.2115
0.8256,0.2225
1.4281,-0.3746
1.325,0.7404
1.3595,0.7286
1.3452,0.7443
1.4231,0.7303
1.3932,0.7765
1.3438,0.662
1.3595,0.669
1.3517,0.6824
1.442,0.6742
1.5039,0.7162
1.3824,0.7502
1.3722,0.6797
1.3904,0.6903
1.47,0.6674
1.362,0.7324
1.4551,0.666
1.3961,0.7331
1.3881,0.6811
1.4815,0.6637
1.3688,0.7369
1.3991,0.6665
1.3865,0.6812
1.4721,0.6616
1.3765,0.7358
1.3367,0.6684
1.3918,0.6709
1.4041,0.6698
1.519,0.6969
2.585,0.4444
2.3766,1.4097
2.3048,1.6464
2.3095,1.6569
2.3874,1.6682
2.289,1.6837
2.3605,1.5134
2.2767,1.5314
2.3191,1.5156
2.3207,1.5351
2.2965,1.5268
2.3074,1.5083
2.3517,1.5133
2.2932,1.51
2.3257,1.5151
2.3199,1.5094
2.349,1.5168
2.2924,1.5378
2.317,1.5188
2.3028,1.5157
2.2994,1.5072
2.309,1.5099
2.2964,1.5122
2.3103,1.5208
2.3298,1.5089
2.3243,1.5132
2.3197,1.515
2.3167,1.5155
2.2818,1.5419
4.806,2.0891
4.6275,3.2611
4.6051,3.4779
4.6549,3.4807
4.6014,3.4776
4.5395,3.492
4.5479,3.5001
4.5161,3.4945
4.4748,3.5045
4.5024,3.5054
4.499,3.5316
4.5036,3.5063
4.5253,3.5077
4.5178,3.4921
4.4814,3.4985
4.5184,3.6038
4.4535,3.6131
4.4205,3.6107
4.4929,3.6187
4.4583,3.5168
4.4508,3.5235
4.4681,3.5187
4.4799,3.5046
4.4795,3.5153
4.4958,3.5225
4.4951,3.5209
4.4776,3.5179
4.4919,3.5066
4.4722,3.5034
9.9377,7.2232
9.6159,8.552
9.6274,8.5868
9.5617,8.5999
9.5296,8.6068
9.5784,8.6089
9.4916,8.6463
9.4761,8.6204
9.5467,8.6373
9.5443,8.6445
9.4895,8.6116
9.483,8.6151
9.5133,8.6266
9.5096,8.6147
9.5076,8.614
9.5736,8.6303
9.55,8.6646
9.5063,8.6096
9.5107,8.6084
9.5677,8.646
9.5514,8.6159
9.562,8.6026
9.5644,8.6041
9.5499,8.6103
9.5108,8.6527
9.509,8.6228
9.4948,8.6312
9.5097,8.6211
9.5559,8.6104
21.3829,18.4064
21.2232,19.0872
21.378,19.0659
21.2968,19.2903
21.1259,19.2997
21.2351,19.2836
21.1447,19.7774
21.2487,19.747
21.1707,19.7868
21.2006,20.0302
21.2184,20.0293
21.1522,20.0264
21.1636,20.0088
21.2353,20.0626
21.1741,20.0238
21.2241,19.7791
21.1817,19.7875
21.2101,19.7836
21.299,19.7748
21.1901,19.7483
21.2232,19.7924
21.1867,19.8074
21.158,19.7783
21.2331,19.7815
21.2038,19.7709
21.2452,19.7325
21.8202,19.7687
21.4436,20.3001
21.2432,19.7412
38.6773,44.22
38.3856,45.034
38.3236,45.2392
38.1549,46.1567
38.2316,46.0963
38.1311,46.1265
38.1667,46.0538
38.1884,46.0327
38.1302,47.1598
38.1951,47.1958
38.1351,46.2184
38.2078,46.0979
38.2069,46.1988
38.691,47.1423
38.2248,47.3086
38.0881,46.0687
38.1293,46.0378
38.213,46.0977
38.1685,47.2543
38.1139,47.1611
38.1516,46.0225
38.5006,46.0387
38.2734,46.5187
38.2348,47.1273
38.1859,47.2242
38.1543,46.083
38.1801,46.0887
38.2017,46.131
38.2147,47.1882
75.6657,91.7815
75.4741,78.2397
75.4393,78.6723
75.4622,78.4982
75.3777,80.309
75.4879,80.1499
76.0358,79.3398
75.46,80.3624
75.6118,79.5449
76.27,80.9072
75.4872,82.5219
75.3332,79.8238
75.3783,79.3166
75.6369,79.3715
75.5265,80.4008
75.3823,79.997
75.9092,80.3185
75.4274,80.867
75.3592,79.7457
75.4599,79.233
75.7835,79.5442
75.3909,81.1544
75.4299,80.2573
75.4782,79.8187
76.232,79.6771
75.9132,82.2275
75.3673,80.4643
75.3757,80.2274
75.463,79.552
0.9381,0.0681
0.7846,1.7116
0.7632,1.7459
0.8843,1.7513
0.8245,1.7346
0.7553,1.7514
0.7953,1.731
0.7559,1.7358
0.8332,1.7377
0.8174,1.7247
0.7691,1.76
0.8031,1.7336
0.7614,1.6084
0.813,1.6052
0.7521,1.6063
0.829,1.5807
0.7494,1.5713
0.745,1.5778
0.7805,1.5783
0.8851,1.5775
0.7639,1.5635
0.7494,1.732
0.8006,1.7319
0.7641,1.7525
0.8107,1.7531
0.7576,1.7365
0.7556,1.7431
0.7296,1.741
0.7654,1.7402
1.5929,0.2128
1.3254,1.9665
1.4681,2.0216
1.4915,2.1454
1.4788,2.1599
1.4877,2.1404
1.468,2.1401
1.5734,2.1498
1.571,2.0535
1.4769,2.0532
1.4836,1.9829
1.4687,1.982
1.4696,1.9863
1.4684,1.9824
1.4802,1.9991
1.4878,1.9889
1.5626,1.9958
1.625,2.2151
1.6112,2.2178
1.5924,2.1841
1.5701,2.2075
1.5805,2.2153
1.3346,2.14
1.3475,2.1876
1.3863,2.1881
1.5571,2.2187
1.6162,2.0397
1.4775,2.0934
1.5938,2.0162
2.9582,2.4714
2.8665,3.1089
2.7167,3.1245
2.7072,3.165
2.6933,3.1761
2.6562,3.3509
2.7127,3.3593
2.726,3.3426
2.7296,3.3401
2.6675,3.3488
2.7211,3.3529
2.6893,3.3368
2.7011,3.3523
2.7046,3.3459
2.6758,3.3487
2.7485,3.3553
2.6819,3.3476
2.673,3.3522
2.7255,3.3498
2.7142,3.3409
2.711,3.3393
2.7166,3.3518
2.7347,3.3423
2.7208,3.3459
2.712,3.3469
2.6974,3.3425
2.7137,3.3376
2.7015,3.3419
2.6954,3.3472
5.7451,2.8381
5.515,5.3005
5.2532,5.2363
5.4821,5.3087
5.4267,5.3681
5.3783,5.4749
5.2822,5.5855
5.1864,5.5111
5.2744,5.5272
5.1958,5.4898
5.1858,5.5201
5.3558,5.5317
5.1884,5.4812
5.1965,5.5323
5.1869,5.5193
5.2849,5.5194
5.2491,5.6228
5.1796,5.5057
5.1456,5.5244
5.1458,5.548
5.1186,5.5461
5.1614,5.536
5.1334,5.5255
5.1018,5.5461
5.2293,5.5282
5.1968,5.6357
5.1346,5.5177
5.1424,5.5474
5.3157,5.5372
10.7057,8.0764
10.6175,10.5202
10.7969,10.5384
10.6259,10.5217
10.5976,10.5313
10.6159,10.5233
10.6119,10.536
10.6568,10.5208
10.5801,10.5084
10.6411,10.5286
10.4973,10.5665
10.7275,10.4339
10.7379,10.5051
10.5725,10.519
10.582,10.5308
10.624,10.5457
10.8503,10.5535
10.5957,10.4858
10.8041,10.5568
10.7249,10.5054
10.716,10.491
10.6918,10.5216
10.6797,10.5278
10.5518,10.5136
10.703,10.5309
10.5985,10.5002
10.7794,10.5406
10.5976,10.512
10.663,10.5688
22.2182,20.2286
22.3116,21.9998
22.095,22.1752
22.0781,22.0505
22.0742,22.3498
22.1796,22.3871
22.0377,22.3684
22.0499,22.3758
22.1221,22.3623
22.0843,22.3821
22.0712,22.3893
22.044,22.3273
22.1011,22.3787
22.0939,22.3524
22.14,22.3579
22.1151,22.3422
22.1456,22.3448
22.1167,22.3902
22.1022,22.3807
22.1067,22.3502
22.1345,22.3547
22.2869,22.3508
22.1124,22.33
22.1083,22.3407
22.1362,22.3597
22.8471,22.3425
22.122,22.2203
22.182,22.3428
22.1191,22.3541
45.6769,47.0875
45.7489,49.5986
45.8442,49.6058
45.6894,50.5767
45.5912,50.4835
45.4627,50.3254
45.8163,50.277
45.5405,50.4286
45.5324,50.2936
45.5631,50.319
45.5708,50.3392
45.7749,50.3551
45.4728,50.3382
45.6664,50.2439
45.5593,50.6145
45.4819,50.5045
45.4866,50.5052
45.6918,50.2704
45.5082,50.6987
45.5923,50.424
45.5709,50.4624
45.7105,50.4022
45.5427,50.4771
45.7273,50.3207
45.5701,50.4959
45.5184,50.4078
45.6593,50.3272
45.7534,50.3075
45.5664,50.6111
90.6885,96.8777
90.8359,94.3903
90.8305,95.2255
90.5082,95.4956
90.9448,95.0225
91.056,95.4901
90.8712,95.5775
90.6852,95.5934
90.8482,95.0295
90.7779,95.2164
90.9238,95.5851
90.7448,95.5505
90.5234,95.3805
90.7891,95.0691
90.9379,95.3439
90.6644,95.9216
90.8753,95.1217
91.1623,95.467
90.8496,96.0267
90.8111,95.511
90.7842,95.6832
90.8679,95.6215
90.7638,95.7111
90.7364,95.5312
90.8309,95.1553
90.6202,95.4703
91.1472,95.183
90.7071,96.3114
90.4703,95.3077
1.1981,0.1816
3.4119,2.6187
1.7655,2.8383
0.731,2.3606
1.2605,2.6524
2.6987,2.5001
1.6827,2.1289
0.7733,3.3102
2.1811,2.6458
3.4531,2.5906
1.6823,2.8318
0.7471,2.3874
1.3321,2.656
3.0341,2.6986
1.7062,2.9493
2.535,2.3808
1.3254,2.168
1.2138,3.2136
1.6871,3.0685
0.747,2.3856
1.1837,2.6528
3.3464,2.6357
0.8293,2.8707
2.1439,2.6206
0.7551,2.2669
1.1444,2.6541
2.0126,2.5441
0.7683,2.5405
1.8878,2.6469
3.0514,2.9239
3.5755,2.9214
5.8788,2.9049
3.3838,2.0959
1.2958,2.6862
2.7343,3.2608
3.7482,2.995
3.8062,2.8566
3.8664,2.747
3.8085,2.6935
4.0859,2.6126
1.9366,2.5121
3.9568,3.9075
1.3686,2.7487
1.4034,3.5603
2.9089,3.5952
3.7413,3.0527
1.2688,2.6083
1.375,3.2611
2.9351,3.3467
2.2944,2.8181
3.966,3.474
1.4004,2.5941
2.8337,3.344
1.8772,2.8946
1.9625,3.12
1.361,3.12
3.3167,3.3309
3.5403,2.8417
5.6109,4.411
5.2113,4.3122
4.0431,3.5819
4.3553,3.8492
2.8935,3.785
4.636,5.0236
4.0838,3.719
3.9615,3.8599
3.6958,3.8936
3.5361,3.9611
2.1688,3.9893
2.9089,4.6136
3.9155,4.4021
3.8635,4.1209
3.949,4.1659
2.7807,3.9025
3.7763,4.2136
5.1261,3.9389
2.1685,3.5723
4.1169,4.3863
5.4413,3.8598
3.7055,3.5178
4.7303,4.874
3.9569,3.7462
3.8656,4.1114
4.1121,4.123
3.9007,4.1122
4.2677,4.1327
3.2434,4.0235
4.867,3.3812
4.8259,6.5885
8.1998,6.6171
7.1494,5.6895
7.9704,5.9712
7.4819,5.7473
7.6371,6.3056
5.6029,5.8242
4.3265,6.3876
4.2633,6.7482
5.409,6.7535
6.4568,7.1541
4.2938,6.3784
5.3671,7.0354
6.4993,6.8857
6.4703,6.1461
6.1356,6.1372
6.4562,6.6725
4.333,6.4093
4.6881,7.0118
5.5548,6.9064
6.4252,7.0818
4.2666,6.3869
4.2766,7.0087
5.6765,6.9993
6.4659,7.0594
4.378,6.4022
4.2865,6.9928
5.1895,7.015
13.6726,9.7508
11.0582,12.2953
9.4714,11.4364
10.1688,11.8531
11.4272,11.9547
11.459,11.6115
14.0637,13.2635
10.8874,12.4681
11.6336,11.7695
11.1674,13.217
9.7999,11.6825
11.3988,12.0486
11.4192,11.6008
11.4205,11.5947
11.3862,11.5906
11.4035,11.3066
11.4165,11.3183
9.0356,11.3227
9.7003,12.0125
12.2535,12.0483
12.6785,11.376
13.9587,12.8841
14.0409,12.5079
13.8367,12.4696
13.9854,12.5287
10.9602,12.4901
9.5147,11.758
8.9378,12.1987
11.521,12.2912
23.1745,22.3526
22.8063,23.2142
24.4076,23.3248
23.5335,24.5009
24.1921,23.0993
24.1269,22.9292
24.2727,22.95
24.4122,22.8836
21.789,22.8687
24.4319,25.2906
22.3627,22.8652
26.775,25.1618
25.1734,23.844
24.2097,24.2526
23.1641,22.9991
24.445,23.163
23.0851,24.4645
24.3278,23.1658
23.1139,24.5172
26.7588,25.0067
25.2278,23.8564
25.2082,24.264
25.3278,24.2755
25.1708,24.2525
25.2138,24.2447
23.163,24.2231
26.7822,24.8508
23.9112,23.8289
24.4745,23.003
50.5407,51.2981
51.6346,51.1492
49.9736,50.9452
49.9353,51.1075
49.7639,51.1759
50.7155,51.2049
51.3577,51.5495
49.8757,50.8774
51.2006,51.1102
51.8249,51.5163
50.3651,50.9633
51.4187,51.6596
50.2927,50.9047
51.2031,51.036
51.3228,51.5078
51.3609,50.9529
50.5994,50.9084
51.1476,51.2192
49.7953,50.8849
50.3641,51.2048
49.438,51.0235
51.1376,51.4583
49.768,50.9926
49.8217,51.1366
51.0583,51.1171
51.3909,51.6366
50.3451,50.9123
51.2326,51.052
51.4265,51.5325
101.6925,92.3836
102.4742,98.2703
102.237,100.2765
103.2945,98.6292
103.5165,100.5517
104.0595,100.2961
100.6441,100.7892
100.632,98.3318
100.8697,99.911
100.1184,98.4138
101.4851,99.4654
100.1593,98.9526
100.539,98.2139
103.6308,99.9435
101.0572,100.2901
98.375,98.6984
102.5131,97.7871
101.4582,100.2109
100.3449,99.1765
100.9258,99.843
100.0016,98.3738
101.194,98.2065
103.312,99.9582
100.9176,99.9765
101.2546,98.3766
102.1709,100.0199
102.036,98.5732
100.872,98.5594
100.5608,98.3172
2.5646,0.2969
2.4005,2.4323
1.8868,2.4175
2.4304,2.5889
2.4027,2.4408
2.698,2.4228
2.1607,2.3245
2.3703,2.4646
2.467,2.4129
1.1942,3.3261
1.3357,3.2498
0.784,3.3851
2.5423,2.8614
2.4591,2.3817
1.7664,2.4278
2.3417,2.5857
2.4459,2.4581
3.1737,2.4383
2.3512,2.2036
2.6256,2.4134
2.6787,2.3433
1.6832,2.3296
2.5318,2.5914
1.1629,3.3048
1.3381,3.2155
1.2469,3.3906
0.8167,3.3066
2.3811,2.8826
2.3398,2.4195
6.9393,1.1924
2.5573,2.0359
1.4176,3.0792
2.8618,3.4275
3.5597,2.9951
2.6233,4.9072
2.0349,4.7774
5.4239,4.1721
4.1814,2.5779
6.2043,2.8414
2.4528,2.207
2.4724,3.1057
3.4119,3.1134
2.4903,4.9511
1.4041,4.623
4.5674,3.545
4.3427,2.7129
4.3353,2.7417
2.6656,2.7088
3.0665,3.0507
3.2005,2.9465
1.3231,2.9113
2.6923,3.4303
2.387,3.0439
3.4666,3.1264
2.4908,4.9516
2.0051,4.6302
5.3909,4.118
5.6479,2.5262
3.4627,2.0512
2.7685,4.2863
5.233,4.4587
6.4304,7.9375
6.0409,3.5227
3.046,3.6215
3.5266,4.3751
3.0238,4.2416
2.9947,4.3832
3.0237,4.4189
4.1283,4.4015
5.1642,4.086
6.4284,7.8956
6.4173,3.5188
2.7746,3.5074
3.0021,4.4569
2.9869,4.3894
3.0351,4.4227
3.8209,4.392
2.786,4.1643
5.6327,4.4546
2.3398,8.3864
9.3654,4.5861
2.6611,2.8555
3.0137,4.4833
2.9512,4.3952
3.0345,4.4043
4.2074,4.3816
2.9604,4.06
7.0353,4.5979
6.5781,6.2541
6.4865,6.3913
16.4356,9.4191
5.5163,4.2855
4.6384,6.6741
5.276,6.9376
5.604,6.7406
5.3567,6.6743
16.0019,7.9417
5.3996,4.3494
5.2006,6.7039
5.5504,6.7767
9.1293,6.6796
16.4088,12.0108
5.4157,4.2915
5.1284,6.7191
5.6892,6.7854
4.4079,6.642
14.7504,7.0172
5.5203,4.5757
5.4528,6.6743
5.5328,6.6965
5.8784,6.6657
9.0863,6.5757
15.5291,12.0253
5.6061,4.453
7.2849,6.667
16.3909,10.2394
10.6888,8.748
11.5079,11.7512
18.8906,15.1799
10.5658,9.8537
9.2896,11.8161
8.8093,12.1682
16.3121,12.3574
10.56,10.3624
11.2127,11.8138
19.9151,14.9854
10.5792,9.6248
10.5131,11.8085
8.7678,11.831
18.7038,12.3464
10.4465,9.8719
19.6442,14.1393
10.4486,9.6876
10.5007,11.8502
9.6918,11.8276
19.8276,13.3341
9.8052,9.6495
11.656,12.0189
19.9499,15.5617
10.5551,9.6407
13.0818,11.8216
20.0934,16.2008
10.6428,9.6228
8.922,11.7813
8.7925,12.2909
26.755,21.8859
18.0419,22.3914
27.5016,24.567
19.8207,22.2106
29.6233,26.7246
17.9415,21.7919
25.7924,24.6656
17.8391,22.5728
25.6039,24.6233
19.7912,22.6109
29.8755,26.987
17.8872,21.7902
27.6167,24.6125
17.8383,22.1795
27.6948,24.6511
19.7841,22.1845
29.7558,26.8933
19.1244,21.7629
29.7712,26.1578
17.8904,21.7685
21.4593,24.6518
18.1365,23.5866
30.3574,25.0139
18.0134,22.2949
29.6895,24.6112
17.9283,21.7751
23.9915,24.6818
17.852,22.991
27.9051,24.6421
47.9569,52.7691
55.459,55.9179
54.9106,53.639
46.4338,53.787
55.2137,50.7791
55.1268,53.7617
55.4695,53.7265
49.7557,53.6263
44.9615,52.7083
55.2971,50.9866
55.2437,53.7709
55.1809,53.7555
49.5345,53.7566
55.1926,52.757
55.263,53.7024
55.0377,53.6995
54.5138,53.7222
41.9284,53.8997
52.3113,50.2889
55.2554,54.5339
55.3272,53.6998
41.9191,53.7048
45.8061,50.2776
55.2735,53.6091
55.0991,53.71
54.2372,53.8611
41.889,53.9627
47.162,50.284
50.5496,53.2722
113.4088,97.6029
108.1986,102.2257
109.5622,101.9572
109.7355,102.0314
107.2625,102.166
109.4217,101.9148
109.7054,102.0128
108.3205,102.0175
107.2469,101.9269
109.5383,101.8787
107.1106,102.0004
108.409,101.8748
109.6839,101.9859
107.4776,102.0406
109.4297,102.0667
102.7735,102.0302
104.8856,97.7379
109.4381,101.7656
109.14,102.0431
107.0999,102.0224
109.3803,101.8884
109.9632,102.0606
106.8449,102.0289
108.3948,101.8636
109.7021,102.0019
107.301,102.0156
109.4954,101.8965
110.0724,102.1434
107.2665,102.0523
4.2952,0.2448
2.735,1.9294
2.5798,2.3132
2.7389,2.3487
1.7939,2.3115
0.7353,2.5546
3.5844,2.882
0.9332,2.0969
0.9221,2.8037
1.2502,2.8091
1.7728,2.7082
0.7542,2.5668
4.6947,2.8788
1.2751,1.8395
1.7997,2.7007
2.7933,2.5576
1.2695,2.2976
0.6673,3.3572
3.0185,2.9326
0.9199,2.2409
0.9886,2.7984
2.2663,2.8122
0.7597,2.4351
0.7278,2.845
4.4012,2.8746
0.8803,1.9088
0.8993,2.8135
0.9477,2.8052
1.4582,2.8248
1.2561,2.284
5.9229,3.4434
2.6789,2.2243
2.9603,3.0277
3.2767,2.9657
1.2373,2.8686
6.8143,3.4468
3.1816,2.0322
3.2591,2.8921
3.1851,2.8766
3.0666,2.8908
1.2516,2.9251
5.9937,3.4539
2.5899,2.2121
3.1406,3.0536
3.1382,2.9033
2.6124,2.9068
1.2283,4.8215
5.158,3.5093
3.1483,2.4085
2.6492,2.9026
3.183,3.0526
2.9158,2.8996
1.1855,5.1794
6.3723,3.4781
3.1995,2.1295
3.1482,2.8937
3.1714,2.9099
1.2659,2.8956
6.516,2.3678
2.555,3.5895
3.3504,4.6399
3.3297,4.4089
2.2854,4.4165
11.4825,4.7411
3.08,2.5472
2.7555,4.4936
2.6063,4.5907
5.5194,4.6334
2.2687,8.3727
10.7816,4.7461
3.4257,2.6861
3.4548,4.391
3.3813,4.3849
5.9653,4.3991
2.5519,8.9592
4.1449,4.6565
3.2796,4.1914
3.3169,4.4291
3.6784,4.4255
2.3108,4.3566
11.9831,4.7535
3.4241,2.4605
3.0439,4.3957
3.3602,4.5567
5.1887,4.4161
2.2685,7.9315
10.398,4.7445
4.9836,4.1
12.1507,6.8236
4.5122,16.7836
16.2933,6.9808
5.9466,4.3052
5.9196,6.5375
5.7853,6.5445
4.382,6.5838
21.4412,7.0327
5.9118,3.591
5.941,6.5457
5.443,6.5376
4.3668,6.6786
19.5778,7.0159
4.8926,3.8165
6.2031,6.8468
6.1466,6.4704
4.3127,6.4834
19.7942,7.0461
5.8816,3.7923
5.8527,6.5685
5.7526,6.573
12.1098,6.5906
4.1581,17.7065
12.8288,7.0882
4.9186,4.9056
4.9125,6.8337
11.7038,6.8391
4.1572,16.901
10.9276,9.8526
10.9821,11.7424
9.1931,11.7089
27.3429,12.2774
10.0701,8.4995
10.7166,11.9366
14.7662,11.7764
41.5386,19.4247
9.8872,7.3606
10.9711,12.0272
10.271,11.7209
8.9821,11.9044
29.766,12.2922
10.9305,8.2431
10.7878,11.7822
25.8169,11.742
8.8886,39.6663
10.8024,12.3645
10.0403,11.8008
10.8347,11.9776
17.4558,11.7185
41.9306,24.0178
9.0919,7.3356
9.4669,12.2327
9.4523,12.1131
8.854,12.1144
32.69,12.3382
10.1008,7.9697
10.0672,11.9333
21.9589,20.7512
22.3619,23.4314
17.9998,23.2844
43.0475,24.581
21.3069,19.8078
20.5823,23.5545
17.7776,23.6983
47.4449,24.5907
21.4982,19.3336
20.7715,23.4659
17.7994,23.6747
50.5627,24.5725
21.4867,19.0555
21.5778,23.4802
17.7926,23.4677
52.019,24.5935
21.5729,18.9155
21.3187,23.4932
17.7854,23.5377
49.7255,24.5607
21.4309,19.1743
21.841,23.5628
17.7698,23.4366
46.769,24.5754
21.3044,19.4164
21.2902,23.5282
17.7921,23.5562
53.6451,24.5974
20.6398,18.7917
45.6129,47.3796
36.7583,50.8378
45.153,52.2758
44.4822,50.84
36.5763,50.7716
76.1512,52.1828
45.3477,47.6369
37.0665,50.7067
72.5153,53.096
44.8127,48.0416
36.5361,50.8963
79.7269,52.2021
66.0637,47.2378
85.5958,87.1981
44.5541,46.494
36.4073,50.8589
78.653,51.9874
46.3566,47.3517
36.5022,50.5691
80.932,52.0932
46.6249,47.1792
36.5115,50.6636
76.3269,52.1247
44.6441,47.6623
36.6218,50.8805
78.5288,52.1973
44.4869,47.4068
36.5424,50.7558
81.1487,52.2218
104.4387,116.9327
82.0224,103.0702
120.6446,114.8569
85.6788,102.6622
120.2903,123.952
79.5262,102.625
122.3753,108.662
95.8974,102.5974
94.7314,103.1289
91.1447,103.0373
95.827,103.3806
101.9004,102.9701
114.6828,103.1766
127.8867,127.1352
84.0551,102.2335
121.2388,120.3589
89.2185,102.661
121.1384,128.8692
84.4907,102.5945
121.1172,121.3568
85.6794,102.6196
121.5607,123.9995
84.8342,102.5929
122.3993,122.0822
80.5608,102.5446
120.4139,111.7776
89.4779,102.6096
121.3555,128.9706
85.034,102.5816
