method,n_ranks,four_step_s,final_step_s
HDF5 Async + ZFP,32,30.8,29.3
HDF5 Async + ZFP,64,27.5,26.2
HDF5 Async + ZFP,128,30.7,26.2
HDF5 Async + ZFP,256,49.4,25.9
HDF5 Async + ZFP,512,61.4,25.6
HDF5 Async + ZFP,1024,86.8,27.6
HDF5 Async + ZFP,2048,123.1,28.6
HDF5 Async + ZFP,4096,147.6,29.1
"DF ZFP (CPU, 40s)",32,3.9913674,9.48785
"DF ZFP (CPU, 40s)",64,3.9555341,19.667939
"DF ZFP (CPU, 40s)",128,5.589844,18.74917
"DF ZFP (CPU, 40s)",256,4.6874056,19.43864
"DF ZFP (CPU, 40s)",512,4.5370503,20.09017
"DF ZFP (CPU, 40s)",1024,4.9123483,23.16201
"DF ZFP (CPU, 40s)",2048,6.0193483,23.86735
"DF ZFP (CPU, 40s)",4096,6.561143,23.80126
"DF ZFP (CPU, 100s)",32,3.9587659,10.76668
"DF ZFP (CPU, 100s)",64,4.0424951,14.00792
"DF ZFP (CPU, 100s)",128,4.5686895,15.12325
"DF ZFP (CPU, 100s)",256,4.6620334,17.86154
"DF ZFP (CPU, 100s)",512,4.8214723,16.11016
"DF ZFP (CPU, 100s)",1024,5.5448737,15.42309
"DF ZFP (CPU, 100s)",2048,5.7405842,16.47
"DF ZFP (CPU, 100s)",4096,6.343077,18.70544
DF ZFP (GPU),32,8.487184604000001,10.47598
DF ZFP (GPU),64,10.405930316,16.93106
DF ZFP (GPU),128,10.115295432,14.95546
DF ZFP (GPU),256,16.862229916,17.81291
DF ZFP (GPU),512,11.658528448,15.75999
DF ZFP (GPU),1024,16.980033000000002,14.76775
DF ZFP (GPU),2048,23.535244348,15.234923
DF ZFP (GPU),4096,13.6244798,14.66505
DF ZFP + Encryption,32,8.487184604000001,10.47598
DF ZFP + Encryption,64,14.167553644000002,10.48297
DF ZFP + Encryption,128,14.826279008,13.78259
DF ZFP + Encryption,256,13.94392396,14.26942
DF ZFP + Encryption,512,15.147913379999999,12.73368
DF ZFP + Encryption,1024,15.815678744,13.36839
DF ZFP + Encryption,2048,16.610349252,15.234923
DF ZFP + Encryption,4096,14.039669376,14.02185
