servers_per_node,mode,step,n_ranks,nx,ny,nz_per_rank,compress,setup_s,write_s,confirm_read_s,total_s,bad,avg_close_s,total_with_close_s
2,curl_eager_compress,0,32,256,256,64,1,4.347926,8.337529,0.756475,13.441930,0,1.696824,15.1388
2,curl_eager_compress,1,32,256,256,64,1,4.347926,5.728922,0.718123,10.794971,0,1.696824,12.4918
2,curl_eager_compress,2,32,256,256,64,1,4.347926,5.714910,0.752315,10.815150,0,1.696824,12.512
4,curl_eager_compress,0,32,256,256,64,1,3.800049,3.856071,0.458884,8.115004,0,2.343811,10.4588
4,curl_eager_compress,1,32,256,256,64,1,3.800049,3.161439,0.465459,7.426947,0,2.343811,9.77076
4,curl_eager_compress,2,32,256,256,64,1,3.800049,3.028636,0.461358,7.290044,0,2.343811,9.63386
8,curl_eager_compress,0,32,256,256,64,1,4.344164,3.332735,0.362456,8.039355,0,2.391836,10.4312
8,curl_eager_compress,1,32,256,256,64,1,4.344164,1.777816,0.367753,6.489732,0,2.391836,8.88157
8,curl_eager_compress,2,32,256,256,64,1,4.344164,1.645083,0.317620,6.306867,0,2.391836,8.6987
