servers_per_node,mode,step,n_ranks,transform,setup_s,write_s,step_total_s,avg_close_s,total_with_close_s,last_step_write_s
2,vpicio,0,128,raw,0.112236,0.952624,1.064860,17.214334,18.2792,1.695886
2,vpicio,1,128,raw,0.112236,0.955519,1.067756,17.214334,18.2821,1.695886
2,vpicio,2,128,raw,0.112236,0.963968,1.076205,17.214334,18.2905,1.695886
2,vpicio,3,128,raw,0.112236,0.950596,1.062832,17.214334,18.2772,1.695886
2,vpicio,4,128,raw,0.112236,1.695886,1.808122,17.214334,19.0225,1.695886
4,vpicio,0,128,raw,0.112942,0.757170,0.870112,14.489368,15.3595,1.242621
4,vpicio,1,128,raw,0.112942,0.831922,0.944864,14.489368,15.4342,1.242621
4,vpicio,2,128,raw,0.112942,0.720745,0.833688,14.489368,15.3231,1.242621
4,vpicio,3,128,raw,0.112942,0.774812,0.887755,14.489368,15.3771,1.242621
4,vpicio,4,128,raw,0.112942,1.242621,1.355563,14.489368,15.8449,1.242621
8,vpicio,0,128,raw,0.328231,0.762165,1.090395,13.661849,14.7522,0.925230
8,vpicio,1,128,raw,0.328231,0.772575,1.100805,13.661849,14.7627,0.925230
8,vpicio,2,128,raw,0.328231,0.658817,0.987048,13.661849,14.6489,0.925230
8,vpicio,3,128,raw,0.328231,0.745522,1.073753,13.661849,14.7356,0.925230
8,vpicio,4,128,raw,0.328231,0.925230,1.253461,13.661849,14.9153,0.925230
